id,code,taskCode,trigger,segment,npcName,npcText,replies
#数字ID,稳定对话代码,绑定任务代码,触发点,段落序号,对话对象,对话文本,回复选项(key:显示文本|...)


54,dice_tournament_ticket_use,t2,use,1,,,
100,s10_accept,s10,accept,1,灰烬商路的老商人,战火烧毁了旧商路。先交出木材和泥土补齐第一批路基，我再告诉你下一处路标在哪里。,accept:接受任务
101,s10_deliver,s10,deliver,1,灰烬商路的老商人,物资已经到位。沿着烧黑的车辙走，你会找到那座被鼠群占据的路标塔。,take:收下
102,s11_accept,s11,accept,1,灰烬商路的老商人,路标塔下的鼠巢正在扩大。清理它们并取回灰烬中的铜牌。,accept:接受任务
103,s11_deliver,s11,deliver,1,灰烬商路的老商人,铜牌上还留着一半星图。它指向更远的迷雾地带。,take:收下
104,s12_accept,s12,accept,1,灰烬商路的老商人,沿着残存路标探索三十格。别只看眼前的道路，真正的商路藏在视野之外。,accept:接受任务
105,s12_deliver,s12,deliver,1,灰烬商路的老商人,你找到了五枚刻着符文的门牌。它们必须按唯一顺序排列，错误不会破坏门牌，但会浪费你的时间。,take:收下
106,s13_accept,s13,accept,1,无名守门人,听清五条线索：王冠不在首尾；月影紧挨狼牙且在其之前；潮汐位于王冠之前；天眼位于王冠之后且不能紧挨狼牙；潮汐与月影之间隔着一枚符文。排列正确后再选择你要走的道路。,accept:接受任务
125,s13_deliver,s13,deliver,1,无名守门人,门已经打开。现在选择你要追随的道路。,take:收下
107,s14_accept,s14,accept,1,商路账房,选择经营之路就要用金币说话。重建账本需要六百金币。,accept:接受任务
108,s14_deliver,s14,deliver,1,商路账房,账目清楚。你已经获得商人的信任。,take:收下
109,s15_accept,s15,accept,1,商路账房,再完成一笔一千金币的大宗交易，商路就能恢复稳定。,accept:接受任务
110,s15_deliver,s15,deliver,1,商路账房,金币流动起来后，远方的车队会主动来找你。,take:收下
111,s16_accept,s16,accept,1,商路账房,最后修复需要四类资源各五百。完成后这条商路将留下你的印记。,accept:接受任务
112,s16_deliver,s16,deliver,1,商路账房,灰烬商印属于真正的商路主人。它会提高所有资源的产出。,take:收下
113,s17_accept,s17,accept,1,边境军官,选择兵锋之路就先清掉最近的强盗营地，商路必须有人守住。,accept:接受任务
114,s17_deliver,s17,deliver,1,边境军官,第一道防线已经稳固。更强的敌人就在前方。,take:收下
115,s18_accept,s18,accept,1,边境军官,清理一座雇佣兵营，让王国知道你不是任人劫掠的商队。,accept:接受任务
116,s18_deliver,s18,deliver,1,边境军官,你夺回了旧军械。继续前进才能找到破城之钥。,take:收下
117,s19_accept,s19,accept,1,边境军官,最后的营地更强。夺下它，破保金印将成为你攻城时的筹码。,accept:接受任务
118,s19_deliver,s19,deliver,1,边境军官,破保金印能在攻城胜利时从保险库金币中取出一部分。主动使用还会短暂强化村庄军队。,take:收下
119,s20_accept,s20,accept,1,遗迹学者,探索旧路图指向的远方。只有走得足够远，星图才会显形。,accept:接受任务
120,s20_deliver,s20,deliver,1,遗迹学者,星图的第一层已经展开。还有一块残片藏在金币堆下。,take:收下
121,s21_accept,s21,accept,1,遗迹学者,交出三百金币校准星图，然后用科研点解读其中的刻痕。,accept:接受任务
122,s21_deliver,s21,deliver,1,遗迹学者,你看懂了星图的方向。最后一处遗迹就在未探索的边缘。,take:收下
123,s22_accept,s22,accept,1,遗迹学者,沿星图继续探索一百五十格。那里没有军旗，只有一扇无名之门。,accept:接受任务
124,s22_deliver,s22,deliver,1,遗迹学者,解密棱镜能让随军部队看得更远，放在村庄则扩大村庄视野。,take:收下
2,m1_accept,m1,accept,1,{villageName}的长老,欢迎领主大人接手我们的村庄。上任领主带着从村民那里贪污的税收潜逃了，我发誓假如此生能有幸再次看到他我一定狠狠的踢他的屁股，然后再砍下他的头颅。由于年久失修我们城外的资源田都已经荒废了。村民们收集了仅剩的一点物资都在这里了。请领导我们重拾繁荣！,accept:接受任务
18,m1_deliver,m1,deliver,1,{villageName}的长老,瞧瞧这，多亏了你，我们的资源又恢复产出了。是应该继续扩建这些设施还是开辟新设施呢？算了，我想不明白，还是交给领主大人你做决定吧。,take:收下
3,m2_accept,m2,accept,1,{villageName}的长老,既然资源产出恢复了，让我们填充一下村内的空地吧。请领主大人决定村内该兴建哪些建筑。请留意，我们的地块是有限的，需要谨慎选择怎么利用这些空间。,accept:接受任务
13,m2_deliver,m2,deliver,1,{villageName}的长老,太棒了！这些建筑正是我们需要的！就算以后反悔了，这些建筑也是可以随时拆除腾出空地来的。,take:收下
4,m3_accept,m3,accept,1,{villageName}的长老,只有有人劳动才能更快地通向繁荣，而没有足够的房檐，就无法容纳更多的人口。我建议扩建村内外建筑以供更多人口能在这里生活。,accept:接受任务
14,m3_deliver,m3,deliver,1,{villageName}的长老,这熙熙攘攘的景象让我想起了我在大城市的时光。不过光是能容纳人口可不够，只有有了实打实的可劳动人口我们才能获得更高的繁荣度以加快我们方方面面的生产。让我们耐心等待移民的加入和新生命的降临吧。,take:收下
5,m4_accept,m4,accept,1,{villageName}的长老,有村民在附近发现了一个野外营地正在壮大。领主大人可以清理一下该营地吗？这些家伙属实是对我们工人的威胁。,accept:接受任务
15,m4_deliver,m4,deliver,1,{villageName}的长老,精彩的战斗！这下子可以清净一会儿了,take:收下
6,m5_accept,m5,accept,1,{villageName}的长老,虽然我这辈子去过不少地方了，但是我们的年轻人该拓展下眼界了。领主大人能引领他们探索一下更大的世界吗？我们可以通过升级集结点来同时命令多只军队在地图上行动。,accept:接受任务
16,m5_deliver,m5,deliver,1,{villageName}的长老,哦？这里竟然有营地聚集？看起来王国最近匪患愈演愈烈了。,take:收下
12,m6_accept,m6,accept,1,{villageName}的长老,最近村子旁边路过了不少商人寻求贸易，这个年代已经不流行以物易物了，他们都信封王都发行的金币。我们得存一笔金币以备不时之需。如果我们有贸易中心的话就可以和这些商人进行交易了。,accept:接受任务
17,m6_deliver,m6,deliver,1,{villageName}的长老,金币能干的事情可太多了，够富裕的话我们就能缺啥买啥，有时候这些商人还会贩卖他们路上收到的宝物呢。,take:收下
19,m7_accept,m7,accept,1,{villageName}的长老,物资充足了后我们需要有更高的追求。社会的进步离不开科技的发展，当我们拥有学院后就可以开始专研新科技了。随着时间流逝，学院里的科研人员会灵光一现产生科技点数。领主大人可以使用这些科技点数决定我们前进的方向。,accept:接受任务
20,m7_deliver,m7,deliver,1,{villageName}的长老,不要小看人口的力量，村庄人口越多，我们就能更快获得科技点数。快快招贤纳才吧。,take:收下
21,m8_accept,m8,accept,1,{villageName}的长老,我不敢相信我听到了什么，一位村民告诉我他发现了那个携款潜逃的畜生当官的新村！而且那猪头还想打过来把我们赶尽杀绝！领主大人我们必须要谨慎迎战了。我的眼线透露了敌方打算进攻的时间，在此之前我们需要整备军需，训练士兵。或许我们也可以考虑打探一下情报，先下手为强？探险者协会的那帮人应该可以在这个时候派上点用场，不过别指望他们能奋勇杀敌了。,accept:接受任务
22,m8_deliver,m8,deliver,1,{villageName}的长老,太棒了！多么英明的战略决策与临场指挥！这些走狗还给我们带来了一个宝物，真是谢谢他们了。这宝物可以放在主基地让其生效，或者当军队规模足够大的时候随军出征。领主大人可以选择建造宝物用来存放更多的宝物，只不过该上哪里去寻找这些珍宝呢？,take:收下
26,m8_deliver_failure,m8,deliver_failure,1,{villageName}的长老,敌军攻势太迅猛了，看来我们准备的还是不够。这血海深仇不得不报！,
23,m9_accept,m9,accept,1,{villageName}的长老,领主大人，那叛徒的兵力已被消耗殆尽，我们应该乘胜追击，拿回他从我们这里偷走的一切！请允许我亲自率兵进攻，我要亲手砍下他的狗头！,accept:接受任务
28,m9_accept_m8_failure,m9,accept_failure,1,{villageName}的长老,我实在咽不下这口恶气！我们一而再再而三被这只臭虫羞辱，此仇不报我死不瞑目。请领主大人重振军心，让我带领军队反攻，我必将亲手砍下他的首级！,accept:接受任务
24,m9_deliver,m9,deliver,1,{villageName}的长老,敌方已被我们洗劫干净了，但是却没有看到那该死的身影和他欠我们的金币，看起来他又使出了看家本领卷款而逃了。我相信这仇又朝一日一定能痛快得报。不过这次反攻我们也不是一无所获，有一些有志之士愿意加入我们的村子，一起讨伐共同的仇人。,take:收下
30,m9_deliver_m8_failure,m9,deliver_failure,1,{villageName}的长老,多么惨烈的战斗，好在最后我们还是棋高一着，将敌人全歼。美中不足的是没有看到那该死的身影和他欠我们的金币，看起来他又使出了看家本领卷款而逃了。我相信这仇又朝一日一定能痛快得报。不过这次反攻我们也不是一无所获，我们从敌方那里缴获了一个宝物。这宝物可以放在主基地让其生效，或者当军队规模足够大的时候随军出征。领主大人可以选择建造宝物用来存放更多的宝物，只不过该上哪里去寻找这些珍宝呢？,
36,m10_accept,m10,accept,1,{villageName}的长老,我们的村庄在领主大人的带领下已经焕然一新了，现在美中不足的是竟然看起来有点拥挤了。我们需要扩建村庄的外围，以容纳更多的建筑和人口。,accept:接受任务
37,m10_deliver,m10,deliver,1,{villageName}的长老,我觉得现在我们的村庄，哦不，小镇是更合适的称呼，有更多的潜力了。随着更优秀的建筑家和科学家加入我们，我们能建造出种类更多的建筑和研发更先进的技术。一个崭新的时代在等待着我们。,take:收下
38,m11_accept,m11,accept,1,{villageName}的长老,固步自封从来不是一个有远见的集体应该做的事情。请领主大人规划人手，看向更远的远方，接触共同生活在这片天空下的朋友和敌人。,accept:接受任务
39,m11_deliver,m11,deliver,1,{villageName}的长老,地形会影响军事战略和决策。森林会遮掩视野而丘陵会增加视野但降低行军速度。请领主大人灵活运用地形扬长避短，获得战略优势。,take:收下
39,m11_deliver,m11,deliver,2,{villageName}的长老,我听说王国的的贵族有意与我们交流，我们应该建造一个议会厅让王国的使者来访时有一个落脚处。,
40,m12_accept,m12,accept,1,王国使者,尊敬的{villageName}的首领，贵镇发展迅速，令人咋舌。我们高高在上的{fiefName}的领主大人对你的领导才能甚是青睐，这是你至高无上的荣幸。为了检测你是否是位值得培养的全才，请替王国清理几处土匪窝藏点，也是替你自己保护你的民众了。,accept:接受任务
41,m12_deliver,m12,deliver,1,王国使者,令人满意的行动。王国最近匪患频发，如果你能积极响应王国下达的任务的话，你将会获得等价的报酬和声望。当然，你并不是唯一的苗子，这片土地上值得栽培的苗子太多了，你只有积极地证明自己，才能爬上权力的阶梯，我点到为止。,take:收下
42,m13_accept,m13,accept,1,,我应该去山里找找这个人，看看他到底有什么追求。这山应该离发现字条的营地不算太远。,accept:接受任务
43,m13_deliver,m13,deliver,1,神秘人,我的朋友，宫廷里交织的杯盏已经开始生锈，贵族们的言语已经逐渐甚微，民众们的思想终于开始启蒙！我知道你为什么来找我，让我们一锤一锤砸碎谎言的镜子，一刀一刀砍断束缚的绳索。拿着这个徽章，这是一切收束时象征我们荣耀的奖牌。,take:收下
45,m14_accept,m14,accept,1,神秘人,朋友，我们的粮仓最近被他们捣毁了，你有余粮的话可以援助我们一些吗？,accept:接受任务
46,m14_deliver,m14,deliver,1,神秘人,太感谢了。但是很不幸地告诉你，尽管我们及时转移了，这批粮食还是被他们标记溯源了。恐怕你们也已经被标记上了，请谨慎行事。,take:收下
47,m15_accept,m15,accept,1,神秘人,组织里最近有些对你的质疑。尽管我完全相信你，但为了闭上其他人的嘴，我需要你做出点动静来。让他们看看你的成果吧。最简单的方法当然是教训一下哪些盲目拥护旧世界的城邦。,accept:接受任务
48,m15_deliver,m15,deliver,1,神秘人,哈哈哈，干得漂亮！这下你是证明了你自己了，大家都看得一清二楚！记住，随着你在组织的名声上涨，这会不可避免的影响到他人对你的态度和行为。我们不奢求所有人都理解我们，随机而变扬长避短是一门必修课。,take:收下
44,my_effort_use,t1,use,1,字条：我的努力,。。。。。。所以在这片土地上，权力滋生了贪婪，贪婪滋生了腐败，而腐败是群众们被剥削的源头。。。。。。公平，公平，还他妈的是公平！新的制度是解放众生唯一的曙光！。。。。。。注释：我知道你们的苦涩，痛楚与无奈。想要建立新的秩序吗？来山里找我吧，你知道我在哪里,
7,s1_accept,s1,accept,1,,s1_accept,accept:接受任务|leave:离开
32,s1_deliver,s1,deliver,1,,s1_deliver,take:收下
8,s2_accept,s2,accept,1,,s2_accept,accept:接受任务|leave:离开
33,s2_deliver,s2,deliver,1,,s2_deliver,take:收下
1,s3_accept,s3,accept,1,幸福村的村民,感谢你清除了附近的威胁。我是邻村幸福村的居民，这些强盗在附近为非作歹，我们的粮食都被他们抢去了。请问你能伸出援手，帮我们解决一下燃眉之急吗？我们只需要一些救急的粮食，让我们的妇女和儿童不再饿肚子。作为回报，我们可以送你一份礼物。,accept:接受任务
10,s3_after_accept,s3,after_accept,1,{villageName}的村民,领主大人，据我所知隔壁幸福村妇女权益比较低，他们不应该会打着妇女儿童的旗号索求援助啊？,
34,s3_deliver,s3,deliver,1,,s3_deliver,take:收下
31,s3_deliver_failure,s3,deliver_failure,1,,,
9,s4_accept,s4,accept,1,,s4_accept,accept:接受任务|leave:离开
35,s4_deliver,s4,deliver,1,,s4_deliver,take:收下
11,s4_natalies_returned,s4,natalies_returned,1,被囚禁的娜塔莉们,多谢你拯救了我们，我们都是被那个恶魔村，也就是自称幸福村的那帮恶霸绑架到他们村子并囚禁起来的。那帮畜生强迫我们为他们的人口计划而劳动，甚至导致吃饭的嘴太多了把粮食都吃完了。他们是罪有应得。请释放我们让我们回家，我们的家人会给你丰盛的报酬的。,
36,s5_accept,s5,accept,1,大壮,嘿兄弟，你也是来喝一杯的吗？我吗？我是附近游牧部落的。骑马？别提这个了，我这辈子没在马背上待过超过5秒钟，那些站着睡觉的牲口就把我给掀飞了！我这辈子最讨厌马了，却还得跟着家里人四处游牧。这样你帮我个忙吧，帮我无害化处理掉这些牲口，替我出口恶气，我就给你个好东西。就当交个朋友了。,accept:接受任务
37,s5_deliver,s5,deliver,1,大壮,他们倒下的嘶吼声太悦耳了。拿着吧，你帮我了一个大忙。我得走了，希望有一天我能安定下来，远离这些令人讨厌的牲口。,take:收下
49,s6_accept,s6,accept,1,,s6_accept,accept:接受任务
50,s6_deliver,s6,deliver,1,,s6_deliver,take:收下
51,s7_accept,s7,accept,1,,s7_accept,accept:接受任务
52,s7_deliver,s7,deliver,1,,s7_deliver,take:收下
53,s7_deliver_failure,s7,deliver_failure,1,,s7_deliver_failure,
54,s8_accept,s8,accept,1,,s8_accept,accept:接受任务
55,s8_deliver,s8,deliver,1,,s8_deliver,take:收下
56,s8_deliver_failure,s8,deliver_failure,1,骰子裁判,对手已赢得两局，这场普通对决你输了。本任务没有失败奖励。,s8_deliver_failure
57,s9_accept,s9,accept,1,,s9_accept,accept:接受任务
58,s9_deliver,s9,deliver,1,,s9_deliver,take:收下
59,s9_deliver_failure,s9,deliver_failure,1,骰子裁判,困难对手已赢得两局，巅峰对决以失败告终。本任务没有失败奖励。,s9_deliver_failure
60,m16_accept,m16,accept,1,王国使者,声望是你在这片土地上立足的证明。请让你的声望达到十点，证明你值得更高的信任。,accept:接受任务
61,m16_deliver,m16,deliver,1,王国使者,你的威望已经传遍四方。这支弓手队伍将为你效力。,take:收下
62,m17_accept,m17,accept,1,王国税务官,缴纳五百金币税款，证明你的村庄已经成为王国值得信赖的纳税大户。,accept:接受任务
63,m17_deliver,m17,deliver,1,王国税务官,税款已经登记。你的村庄将在接下来十二小时获得人口增长加成。,take:收下
64,m18_accept,m18,accept,1,王国贵族,听说你已赢得声望。再让声望达到十五点，你就能尝到王国真正的恩惠。,accept:接受任务
65,m18_deliver,m18,deliver,1,王国贵族,这件聪明人的宝物属于真正懂得积累声望的人。,take:收下
66,m19_accept,m19,accept,1,王国使者,王国边境的雇佣兵营地正在滋长。清除三处常驻营地，证明你能替王国解决麻烦。,accept:接受任务
67,m19_deliver,m19,deliver,1,王国使者,三处营地已经覆灭。这面勇士锦旗将记录你的功绩。,take:收下
